-- MySQL dump 10.13  Distrib 8.0.21, for Linux (x86_64)
--
-- Host: localhost    Database: opinion_analysis
-- ------------------------------------------------------
-- Server version	8.0.21

/*!40101 SET @OLD_CHARACTER_SET_CLIENT=@@CHARACTER_SET_CLIENT */;
/*!40101 SET @OLD_CHARACTER_SET_RESULTS=@@CHARACTER_SET_RESULTS */;
/*!40101 SET @OLD_COLLATION_CONNECTION=@@COLLATION_CONNECTION */;
/*!50503 SET NAMES utf8mb4 */;
/*!40103 SET @OLD_TIME_ZONE=@@TIME_ZONE */;
/*!40103 SET TIME_ZONE='+00:00' */;
/*!40014 SET @OLD_UNIQUE_CHECKS=@@UNIQUE_CHECKS, UNIQUE_CHECKS=0 */;
/*!40014 SET @OLD_FOREIGN_KEY_CHECKS=@@FOREIGN_KEY_CHECKS, FOREIGN_KEY_CHECKS=0 */;
/*!40101 SET @OLD_SQL_MODE=@@SQL_MODE, SQL_MODE='NO_AUTO_VALUE_ON_ZERO' */;
/*!40111 SET @OLD_SQL_NOTES=@@SQL_NOTES, SQL_NOTES=0 */;

--
-- Table structure for table `analysis_comments`
--

DROP TABLE IF EXISTS `analysis_comments`;
/*!40101 SET @saved_cs_client     = @@character_set_client */;
/*!50503 SET character_set_client = utf8mb4 */;
CREATE TABLE `analysis_comments` (
  `comm_id` char(20) NOT NULL,
  `content` varchar(1000) DEFAULT NULL,
  `sentiments` float DEFAULT NULL,
  `good_id` char(8) DEFAULT NULL,
  PRIMARY KEY (`comm_id`),
  KEY `good_id` (`good_id`),
  CONSTRAINT `analysis_comments_ibfk_1` FOREIGN KEY (`good_id`) REFERENCES `goods` (`good_id`)
) ENGINE=InnoDB DEFAULT CHARSET=utf8mb4 COLLATE=utf8mb4_0900_ai_ci;
/*!40101 SET character_set_client = @saved_cs_client */;

--
-- Dumping data for table `analysis_comments`
--

LOCK TABLES `analysis_comments` WRITE;
/*!40000 ALTER TABLE `analysis_comments` DISABLE KEYS */;
INSERT INTO `analysis_comments` VALUES ('li_comment_169419466','一个评论都没有，真的要凉了！',0.278201,'24540095'),('li_comment_169423579','怎么会凉，大家不是还在点赞吗',0.582818,'24540095'),('li_comment_169423743','小厂今年可以试着多搞些活动，冲几波销量，不然很难熬，尤其是iPhone和华为发布完了以后。',0.691337,'24540095'),('li_comment_169424724','么，，就这个价格还冲销量',0.462096,'24540095'),('li_comment_169431041','所以才需要搞活动，不然就晚了。',0.146845,'24540095'),('li_comment_169440576','看到985，点值，刚需买了',0.375421,'24549877'),('li_comment_169441146','线下8+128   2650',0.48969,'24549877'),('li_comment_169441237','8+128就稳了，虽然不玩游戏，但也觉得6g心里没底。',0.836197,'24549877'),('li_comment_169441553','我想知道小米系统还是不是那么多广告了？',0.372482,'24552245'),('li_comment_169442059','涨了，比之前最低的时候贵了100',0.611944,'24549877'),('li_comment_169442122','我去 又涨99',0.618046,'24552335'),('li_comment_169443164','是98 老铁',0.122204,'24552335'),('li_comment_169443194','4999交个朋友……',0.72073,'24552335'),('li_comment_169443202','4999交个朋友',0.619032,'24552335'),('li_comment_169443252','4999朋友交定了',0.738369,'24552335'),('li_comment_169443626','等等党大败',0.331177,'24552335'),('li_comment_169444731','这手机能上张大妈么',0.0591392,'24552289'),('li_comment_169444959','跟畅享20差不多价',0.852054,'24549877'),('li_comment_169445047','现在就只有主题商店有广告，其他的都可以关掉',0.120527,'24552245'),('li_comment_169445480','有这钱我买85辆五菱宏光mini不香吗',0.186948,'24552289'),('li_comment_169445484','买大师版，完全没广告。',0.759552,'24552245'),('li_comment_169445575','1300以下差不多',0.480004,'24548185'),('li_comment_169445608','都可以关，关了之后就没什么广告了。（小米自带软件里的不算）',0.0614316,'24552245'),('li_comment_169446154','如果是8+256这配置就无敌了',0.98373,'24548185'),('li_comment_169446385','5g卡，选这个还是20+',0.361548,'24552335'),('li_comment_169446391','5298，5398，5498',0.5,'24552335'),('li_comment_169446807','国人，呵呵！人家都欺负到家门口了，还',0.752616,'24545777'),('li_comment_169447601','自带十二个赞',0.909602,'24545777'),('li_comment_169447641','你多买点华为，绝版了能升值',0.928651,'24545777'),('li_comment_169448223','啥破玩应。。。。这屏幕怎么推塔！！！',0.167325,'24552289'),('li_comment_169448490','除了浏览器一点广告，其他还真没咋见。10pro这个双扬用了真是回不去了，我是米10用了半年又换10pro了',0.000257152,'24552245'),('li_comment_169448677','还没卖出去',0.548818,'24552289'),('li_comment_169449029','可惜没有银色，那个颜色线下看起来是真的好看，虽然有大logo不过感觉也不违和。',0.685205,'24549877'),('li_comment_169449049','5元优惠券没领到，不然就下单了',0.00714358,'24552289'),('li_comment_169449211','估计库存清的差不多了，越来越贵了',0.461149,'24554810'),('li_comment_169449397','给个五元优惠券我也秒不起啊',0.312469,'24552289'),('li_comment_169449595','保值，点个赞先',0.96814,'24545777'),('li_comment_169449685','这个价格没有竞争力',0.736888,'24548185'),('li_comment_169449905','屏幕太小不适合追剧，让了让了',0.23579,'24552289'),('li_comment_169450094','好像可以下个10多单  买下来就虚假宣传 只有一台又不是很想买  还好最近自己周转手头没什么现金 让给大家了',0.00697973,'24552289'),('li_comment_169450640','这购物软件不是来捡漏的吗？',0.512742,'24552289'),('li_comment_169450679','其实你也可以多买点苹果，说不定哪天中国哪天禁了也升值了',0.813683,'24545777'),('li_comment_169450818','这屏幕看动画片不行，算了让了',0.375497,'24552289'),('li_comment_169450832','12+512 也只3100买的',0.382025,'24554810'),('li_comment_169450837','你要我可以送你一张',0.326529,'24552289'),('li_comment_169450918','8G可以考虑',0.8,'24548185'),('li_comment_169451082','那里的线下我去买',0.593135,'24549877'),('li_comment_169451106','居然涨价了，今年的note20可想而知有多失败！',0.0611888,'24552335'),('li_comment_169451411','一般都是卖家贴钱送的',0.281474,'24548185'),('li_comment_169451497','涨一百了，原来2299',0.714289,'24549877'),('li_comment_169451499','大师版啥意思？',0.942985,'24552245'),('li_comment_169451686','现在还有人买这个？！都在抢5299的吧',0.375519,'24552245'),('li_comment_169451787','这个没有红外',0.625,'24549877'),('li_comment_169451925','在哪里买，私聊',0.926408,'24554810'),('li_comment_169452109','我送你10元优惠券',0.118219,'24552289'),('li_comment_169452124','一直有货，抢什么抢，京东银色这几天一直可以下单，采购中，9.8发货，没人抢',0.0524595,'24552245'),('li_comment_169452343','不是破产了吗？',0.208663,'24552289'),('li_comment_169452364','128 的多少钱',0.277573,'24555101'),('li_comment_169452701','现在华为开始有广告了，应用商店，音乐，视频，还是有开屏广告了',0.426571,'24552245'),('li_comment_169453044','几年了，还没有土豪买？等我搬砖攒钱？',0.0270748,'24552289'),('li_comment_169453211','同问，紫薯布丁',0.595407,'24554810'),('li_comment_169453378','专享满4900元减800元',0.680028,'24555101'),('li_comment_169453432','有耳机送吗',0.30422,'24552510'),('li_comment_169453545','积分换的油卡今天圈存了.等下一波送积分给自己再买一个.除了续航其它都满意！',0.329425,'24552510'),('li_comment_169453599','恶性循环，搞活动也没人买',0.212296,'24540095'),('li_comment_169454358','耳机好像是到6号活动截止，现在买赶不上了',0.0588688,'24552510'),('li_comment_169454399','不是自营，大家要谨慎啊',0.0845174,'24552289'),('li_comment_169454486','9月有没有活动',0.171959,'24552510'),('li_comment_169454524','4599或者4549吧算起来',0.768038,'24555101'),('li_comment_169454544','中兴手机用过一个，从此',0.868559,'24548185'),('li_comment_169454638','不降反增，时代变了，你不降就等k40pro了',0.435555,'24554810'),('li_comment_169454727','如果双十一这个价，256',0.931961,'24552510'),('li_comment_169455106','升值器，买了',0.537914,'24549877'),('li_comment_169455177','前阵子北京消费券4499没下单，有点后悔了',0.411972,'24545777'),('li_comment_169455230','和荣耀30Pro+相比怎样啊？价格相差不多。',0.732708,'24552245'),('li_comment_169455308','u差点意思',0.146061,'24548185'),('li_comment_169455369','你还没走啊？等那个谁的一起上路啊？',0.601216,'24548185'),('li_comment_169456264','可以7天无理由退款吗？',0.0131416,'24552289'),('li_comment_169456318','这重量，完爆一切，等活动来一个，那些200g的手机',0.229502,'24552510'),('li_comment_169456500','差评，没有拼多多的链接',0.0126405,'24552289'),('li_comment_169456538','盐城，前天同事刚买',0.326836,'24549877'),('li_comment_169456728','2000我都不一定买，6g来了你都卖不出去，老板自己用吧，',0.133006,'24552289'),('li_comment_169457090','把你的安卓砸了用塞班吧',0.630077,'24545777'),('li_comment_169457521','以为送直升机，那还挺值的',0.980723,'24552289'),('li_comment_169457535','3699双11交个朋友',0.279121,'24552335'),('li_comment_169457538','10没有双扬声器？',0.169361,'24552245'),('li_comment_169457679','有券领吗？满199减100那种',0.559866,'24552289'),('li_comment_169457831','不喜欢这条眼镜蛇，要是条蛆我就买了',0.545109,'24552289'),('li_comment_169457919','这个能推是什么鬼？感觉像刚发售？',0.47566,'24554015'),('li_comment_169458321','明天是不是有新的送东西的活动',0.354253,'24552510'),('li_comment_169458337','在用 说句实话。4000电池只不到8mm的手感重量控制很好。换别家吹上天了。中兴的广告看不到。这款手机缺点是5g不是全模式。摄像头一般。使用体验很好。',0.142506,'24548185'),('li_comment_169458559','买买买，不买还要涨价！',0.153987,'24554015'),('li_comment_169458682','来个超值性价比的活动我就来一台。',0.996229,'24540095'),('li_comment_169458746','这么贵也推？！',0.120743,'24552289'),('li_comment_169458825','以后再也不支持了，中兴确实该关了。买过七八个了，更老的苹果和华为都还能用，就你基本就快用不成了',0.01723,'24548185'),('li_comment_169459482','各方面都比荣耀30pro+强',0.789122,'24552245'),('li_comment_169459813','浏览器可以关广告，非常简洁',0.234445,'24552245'),('li_comment_169460076','那不是白白贵了1000块',0.133879,'24552510'),('li_comment_169460127','活动去哪里看？线报',0.502426,'24552510'),('li_comment_169460227','这机放在头顶上，倍有面的！',0.423386,'24552289'),('li_comment_169460363','别的都不错，系统万年不更新！',0.620578,'24548185'),('li_comment_169460770','我都记不清国内5G手机已经卖了多久了',0.438584,'24545777'),('li_comment_169461039','用了3个多月，前天开始断流了，4G断流，隔几分钟会断流几秒，很恶心的感觉',0.0364353,'24552245'),('li_comment_169461172','买个直升机它不香吗',0.791745,'24552289'),('li_comment_169461319','没记错的话，这台手机卖了几年了？',0.283858,'24552289'),('li_comment_169461439','双曲面屏幕，这个价格基本超值',0.944718,'24548185'),('li_comment_169461535','你确认收货我返你10元',0.00288838,'24552289'),('li_comment_169461635','挺好用的为什么那，苹果适合我妈辈用，我喜欢折腾安卓',0.999105,'24545777'),('li_comment_169461774','这家店怎么样？',0.203834,'24552245'),('li_comment_169461951','照相不好吗，这个照相跟哪一款比较合适',0.929481,'24548185'),('li_comment_169462465','會有別的活動',0.445675,'24552510'),('li_comment_169462592','卖不＋价收个',0.142621,'24554810'),('li_comment_169462626','带硬推的？',0.206533,'24554015'),('li_comment_169462637','等双十一入手一个',0.866506,'24552245'),('li_comment_169462848','Se2表示不服',0.137429,'24552510'),('li_comment_169462923','应用商城 天气 日历 上滑搜索界面 钱包  小米自带的音乐 视频 都有广告 哈哈哈',0.787812,'24552245'),('li_comment_169462981','我想买个老年机',0.85363,'24552289'),('li_comment_169463309','算起来是4649，溜了溜了',0.752662,'24555101'),('li_comment_169463503','我也不知，所以才问的',0.399951,'24552510'),('li_comment_169463564','这价格去京东北京消费券不香吗',0.393299,'24555101'),('li_comment_169463701','看来快退市了，开始涨价模式了',0.745922,'24552335'),('li_comment_169464120','要不是余额不足，差点就冲动消费了',0.220966,'24552289'),('li_comment_169464359','🤣这么便宜了吗？',0.639525,'24552510'),('li_comment_169464745','没有北京消费券吖୧😂୨',0.3814,'24555101'),('li_comment_169464874','唯利是图？',0.666667,'24552289'),('li_comment_169464967','10 10pro 10至尊 里面哪个配置性价比最好啊',0.988968,'24552245'),('li_comment_169464987','这有什么意思，京东不加北京优惠券也才4800，128g的',0.134709,'24555101'),('li_comment_169465163','月薪3千的我竟然点了直达链接',0.366958,'24552289'),('li_comment_169465181','弄不好卖家还得再贴个女朋友才能满足',0.074253,'24548185'),('li_comment_169465247','8+128这个价就不错了',0.944442,'24548185'),('li_comment_169465367','我们老板用的就是这个， 然后因为不能发微信 ，就不用了， 现在给我当备用机了 。感觉打电话信号不是特别好 ，充电还特别慢',0.00130596,'24552289'),('li_comment_169465402','哪里买的？',0.508697,'24554810'),('li_comment_169465520','这是要告诉我支持民族产业的代价比较沉重么',0.984954,'24554015'),('li_comment_169466231','送1000元积分这个价格就划算了',0.54038,'24552510'),('li_comment_169466513','屏幕太小，不然肯定买了',0.28186,'24552289'),('li_comment_169466719','怎么就扯到华为来了',0.473767,'24552245'),('li_comment_169466987','这个价格感觉蛮可以了，虽然俺不买粗粮',0.58273,'24552245'),('li_comment_169467356','4649买128g的比京东买便宜一点，等得捉急啊啊啊',0.927864,'24555101'),('li_comment_169467400','4999啊，怎么是4800',0.40008,'24555101'),('li_comment_169467468','都不是翻盖的，档次真低。',0.263514,'24552289'),('li_comment_169467555','金耳朵，10个10p都能听出区别',0.394217,'24552245'),('li_comment_169467997','去二线城市买五套房不香吗',0.505331,'24552289'),('li_comment_169468011','低收入人群表示，再等等，等明年一定',0.912163,'24552510'),('li_comment_169468230','765也敢上2000？牛*了中兴，作死吧。',0.124415,'24548185'),('li_comment_169468329','和OPPO Find x2比怎么样啊',0.447678,'24552245'),('li_comment_169468458','没上120w充电，不方便。',0.109168,'24552289'),('li_comment_169468528','等一手百亿补贴',0.469278,'24552289'),('li_comment_169468776','怎么还涨价了',0.577783,'24555101'),('li_comment_169468935','现在华为 OPPO vivo 一加等等等都有广告了。。。',0.273078,'24552245'),('li_comment_169468957','明明就是条眼镜蛆',0.104268,'24552289'),('li_comment_169468973','该有的都有，设置也很难，折腾的很多，很多里面都有',0.892776,'24552245'),('li_comment_169469110','这手机卖了好几年也没人买',0.260293,'24552289'),('li_comment_169469909','很服。你要是真有骨气你就连智能手机都用不上了，不怕谷歌在安卓上留漏洞？？买个东西不专注产品本身',0.971689,'24545777'),('li_comment_169470520','怎么说呢，至尊就是充电真的快。其他的还可以比比。',0.786168,'24552245'),('li_comment_169470527','我现在每天给手机充电的时间大概就是两三个十分钟。',0.455044,'24552245'),('li_comment_169470724','拼多多买的三星有礼品卡吗？',0.221134,'24552510'),('li_comment_169470807','没有256g的版本',0.610469,'24552510'),('li_comment_169471165','有解毒的么？没我就买了啊',0.216227,'24552289'),('li_comment_169471360','让了，我去买游艇了',0.77966,'24552289'),('li_comment_169471384','有没有的送？有的送就下单了',0.169558,'24552510'),('li_comment_169471403','买这个影响我开五菱宏光吗',0.36567,'24552289'),('li_comment_169471588','中兴其实硬件不错的，但是使用起来还是没别的国产机好用，导致没落了',0.345009,'24548185'),('li_comment_169471860','直升机配送。厉害。',0.627707,'24552289'),('li_comment_169472439','你还退啥啊，被k30至尊打成筛子',0.306831,'24554810'),('li_comment_169472917','安心等待新机上市',0.668302,'24554015'),('li_comment_169472950','我京东购物车里有一千五百万的商品了',0.841305,'24552289'),('li_comment_169473181','天王手机',0.533297,'24561524'),('li_comment_169473416','古董换芯产物就不要拿出来说了，你不说诺基亚的功能机？',0.300555,'24552510'),('li_comment_169473429','系统优化不行',0.211426,'24561524'),('li_comment_169473611','如果能刷miui就好玩了',0.645856,'24561524'),('li_comment_169474044','这怎么计算的  前几天3900多的那么多  这还124天最低价？',0.763564,'24555101'),('li_comment_169474079','亲: 你付款加个备注， 可以安排大强子骑小三轮送货的',0.879227,'24552289'),('li_comment_169474229','都来捡漏占便宜',0.646551,'24552289'),('li_comment_169474272','金立居然还在啊',0.236822,'24561524'),('li_comment_169474312','还这么坚挺啊😱',0.522702,'24552335'),('li_comment_169474383','功能机给上个a13我也买',0.757529,'24552510'),('li_comment_169474412','超长待机，超大铃声',0.95972,'24561524'),('li_comment_169474414','微信8开不怕封号啊',0.420814,'24561524'),('li_comment_169474520','当然20+   和5G不5G卡没关系',0.164375,'24552335'),('li_comment_169474635','真爱生命 远离华为',0.894245,'24554015'),('li_comment_169474896','全是广告其他没有！',0.317909,'24561524'),('li_comment_169474928','765处理器卖这么贵',0.492617,'24548185'),('li_comment_169474947','可以搞一个租车公司了',0.421486,'24552289'),('li_comment_169475176','果粉真是自欺欺人',0.453241,'24552510'),('li_comment_169475220','好看，买不起',0.425021,'24552335'),('li_comment_169475324','10和10pro声音区别还是很大的，听听就知道了',0.75134,'24552245'),('li_comment_169475350','金立不是退市了么？',0.221771,'24561524'),('li_comment_169475392','当初天王代言时候多火，现在这个机子，用mtk6763连625都不如，金立这是作死。卖这个价不倒闭才怪',0.0522867,'24561524'),('li_comment_169475484','哪个傻子买它',0.271598,'24552289'),('li_comment_169475555','就不要用这个手机了',0.559322,'24552335'),('li_comment_169475826','金品质，立天下',0.50405,'24561524'),('li_comment_169475828','🐮🍺，微信8开',0.420814,'24561524'),('li_comment_169475998','手持s20u，屏幕很好，就是为这块屏幕买的，另外备用机mate30,别买华为华而不实为所欲为，屏幕瞎眼睛',0.0909559,'24552510'),('li_comment_169476002','4399可以接受',0.907205,'24552510'),('li_comment_169476079','八月是1100的券，九月是900的券',0.946949,'24555101'),('li_comment_169476768','拿铁丝串起来当火车开',0.040117,'24552289'),('li_comment_169477127','浏览器里面的搜索绝对关不了，搜什么都会推荐app，点了直接下载安装！恶心',0.00589929,'24552245'),('li_comment_169477206','有开车价吗 诚意要',0.457382,'24552289'),('li_comment_169477220','不是中国就一部吗怎么还有一个',0.801087,'24552289'),('li_comment_169477335','等我买了它，在好好干几年，多攒点私房钱，算算差不多了，一天吃一个馒头省下10块钱，目标不远了，等我买了谁送个手机壳给我。',0.000798152,'24552289'),('li_comment_169477396','机器还可以，6.18时买的，手感没得说，重量够轻，续航差了点毕竟电池小，不过中度使用一天也够了，之前一直使用的moto，主动功能很好用但费电呀，电池完全不够用。',0.99965,'24548185'),('li_comment_169478020','这个价格把这个公司买下来不是更好',0.575751,'24552289'),('li_comment_169478381','16nm?我没看错吧这是好几年前的工艺了金立🐮直接把消费者当傻子',0.144002,'24561524'),('li_comment_169478480','只要一个怎么办',0.321572,'24561524'),('li_comment_169478887','还涨了一千远，升值的',0.914421,'24554015'),('li_comment_169479100','要是买手机送直升机那还差不多',0.842925,'24552289'),('li_comment_169479118','拥有超高的档次感',0.997564,'24554015'),('li_comment_169479133','把后面的4000减掉247，我就买了。',0.849518,'24552289'),('li_comment_169479164','每节都有动力，嘿嘿，地外黑科技。',0.950078,'24552289'),('li_comment_169479203','可以啊，设置简洁版，非常简洁啊，哪儿有广告？',0.962842,'24552245'),('li_comment_169479388','金立还有人买了么？',0.40062,'24561524'),('li_comment_169479518','功能机给换a13待机一小时还很香对吧',0.627123,'24552510'),('li_comment_169480404','芯片都不敢标了，良心想起码还敢万年636。',0.143309,'24561524'),('li_comment_169480447','差不多9年前的工艺了吧',0.548845,'24561524'),('li_comment_169480547','5399已下车！耳机等7天确认！使用了两天，感觉没啥惊喜',0.385213,'24552510'),('li_comment_169480974','反正都是外置充电宝，待机一小时和5小时有区别？',0.181486,'24552510'),('li_comment_169481069','珍爱心情',0.494522,'24554015'),('li_comment_169481577','国行不是也支持5g么？难道note10+的5g和note20还有区别？',0.112054,'24552335'),('li_comment_169481617','等等党血本无归啊',0.712298,'24552335'),('li_comment_169481826','3999才是最后归宿',0.722537,'24552335'),('li_comment_169482260','系统其实挺好用的啊，给我不少惊喜的手机…',0.95968,'24548185'),('li_comment_169483138','就是个路人',0.333333,'24548185'),('li_comment_169483171','上次好价是4099',0.936212,'24552510'),('li_comment_169483736','昨天山姆买的5300',0.327636,'24554015');
/*!40000 ALTER TABLE `analysis_comments` ENABLE KEYS */;
UNLOCK TABLES;

--
-- Table structure for table `goods`
--

DROP TABLE IF EXISTS `goods`;
/*!40101 SET @saved_cs_client     = @@character_set_client */;
/*!50503 SET character_set_client = utf8mb4 */;
CREATE TABLE `goods` (
  `good_id` char(8) NOT NULL,
  `good_name` varchar(50) DEFAULT NULL,
  PRIMARY KEY (`good_id`)
) ENGINE=InnoDB DEFAULT CHARSET=utf8mb4 COLLATE=utf8mb4_0900_ai_ci;
/*!40101 SET character_set_client = @saved_cs_client */;

--
-- Dumping data for table `goods`
--

LOCK TABLES `goods` WRITE;
/*!40000 ALTER TABLE `goods` DISABLE KEYS */;
INSERT INTO `goods` VALUES ('24540095','京东plus会员: MEIZU 魅族 17 5G智能手机 8GB+256GB 全网通 原野绿'),('24545777','Apple 苹果 iPhone XS 智能手机 256GB'),('24548185','ZTE 中兴 天机Axon 11 5G智能手机 6GB+128GB'),('24549877','百亿补贴：                                HONOR 荣耀 30 5'),('24552245','百亿补贴：                                MI 小米 10 Pro '),('24552289','VERTU 纬图 SIGNATURE 系列手机 眼镜蛇限量版'),('24552335','SAMSUNG 三星 Galaxy Note10+ 5G智能手机 12GB+256GB'),('24552510','SAMSUNG 三星 Galaxy S20 智能手机 12GB+128GB'),('24554015','HUAWEI 华为 P40 Pro 5G 智能手机 8GB 128GB/256GB'),('24554810','Redmi 红米 K30 Pro 智能手机 变焦版 8GB+256GB'),('24555101','99大促:Apple 苹果 iPhone 11 智能手机 64GB/128GB'),('24561524','金立 Gionee 金立K3 6GB+128GB 黑色 5000mAh大电池 后置双摄 6.2英寸水');
/*!40000 ALTER TABLE `goods` ENABLE KEYS */;
UNLOCK TABLES;

--
-- Table structure for table `origin_comments`
--

DROP TABLE IF EXISTS `origin_comments`;
/*!40101 SET @saved_cs_client     = @@character_set_client */;
/*!50503 SET character_set_client = utf8mb4 */;
CREATE TABLE `origin_comments` (
  `comm_id` char(20) NOT NULL,
  `content` varchar(1000) DEFAULT NULL,
  `time` datetime DEFAULT NULL,
  `good_id` char(8) DEFAULT NULL,
  PRIMARY KEY (`comm_id`),
  KEY `good_id` (`good_id`),
  CONSTRAINT `origin_comments_ibfk_1` FOREIGN KEY (`good_id`) REFERENCES `goods` (`good_id`)
) ENGINE=InnoDB DEFAULT CHARSET=utf8mb4 COLLATE=utf8mb4_0900_ai_ci;
/*!40101 SET character_set_client = @saved_cs_client */;

--
-- Dumping data for table `origin_comments`
--

LOCK TABLES `origin_comments` WRITE;
/*!40000 ALTER TABLE `origin_comments` DISABLE KEYS */;
INSERT INTO `origin_comments` VALUES ('li_comment_169419466','一个评论都没有，真的要凉了！','2020-09-06 09:54:32','24540095'),('li_comment_169423579','怎么会凉，大家不是还在点赞吗','2020-09-06 09:54:32','24540095'),('li_comment_169423743','小厂今年可以试着多搞些活动，冲几波销量，不然很难熬，尤其是iPhone和华为发布完了以后。','2020-09-06 09:54:32','24540095'),('li_comment_169424724','么，，就这个价格还冲销量','2020-09-06 09:54:32','24540095'),('li_comment_169431041','所以才需要搞活动，不然就晚了。','2020-09-06 09:54:32','24540095'),('li_comment_169440576','看到985，点值，刚需买了','2020-09-06 09:54:57','24549877'),('li_comment_169441146','线下8+128   2650','2020-09-06 09:54:57','24549877'),('li_comment_169441237','8+128就稳了，虽然不玩游戏，但也觉得6g心里没底。','2020-09-06 09:54:57','24549877'),('li_comment_169441553','我想知道小米系统还是不是那么多广告了？','2020-09-06 09:54:53','24552245'),('li_comment_169442059','涨了，比之前最低的时候贵了100','2020-09-06 09:54:57','24549877'),('li_comment_169442122','我去 又涨99','2020-09-06 11:10:17','24552335'),('li_comment_169443164','是98 老铁','2020-09-06 11:10:17','24552335'),('li_comment_169443194','4999交个朋友……','2020-09-06 11:10:17','24552335'),('li_comment_169443202','4999交个朋友','2020-09-06 11:10:17','24552335'),('li_comment_169443252','4999朋友交定了','2020-09-06 11:10:17','24552335'),('li_comment_169443626','等等党大败','2020-09-06 11:10:17','24552335'),('li_comment_169444731','这手机能上张大妈么','2020-09-06 09:55:05','24552289'),('li_comment_169444959','跟畅享20差不多价','2020-09-06 09:54:57','24549877'),('li_comment_169445047','现在就只有主题商店有广告，其他的都可以关掉','2020-09-06 09:54:53','24552245'),('li_comment_169445480','有这钱我买85辆五菱宏光mini不香吗','2020-09-06 09:55:05','24552289'),('li_comment_169445484','买大师版，完全没广告。','2020-09-06 09:54:53','24552245'),('li_comment_169445575','1300以下差不多','2020-09-06 09:55:01','24548185'),('li_comment_169445608','都可以关，关了之后就没什么广告了。（小米自带软件里的不算）','2020-09-06 09:54:53','24552245'),('li_comment_169446154','如果是8+256这配置就无敌了','2020-09-06 09:55:01','24548185'),('li_comment_169446385','5g卡，选这个还是20+','2020-09-06 11:10:16','24552335'),('li_comment_169446391','5298，5398，5498','2020-09-06 11:10:16','24552335'),('li_comment_169446807','国人，呵呵！人家都欺负到家门口了，还','2020-09-06 09:54:41','24545777'),('li_comment_169447601','自带十二个赞','2020-09-06 09:54:41','24545777'),('li_comment_169447641','你多买点华为，绝版了能升值','2020-09-06 09:54:41','24545777'),('li_comment_169448223','啥破玩应。。。。这屏幕怎么推塔！！！','2020-09-06 09:55:05','24552289'),('li_comment_169448490','除了浏览器一点广告，其他还真没咋见。10pro这个双扬用了真是回不去了，我是米10用了半年又换10pro了','2020-09-06 09:54:53','24552245'),('li_comment_169448677','还没卖出去','2020-09-06 09:55:05','24552289'),('li_comment_169449029','可惜没有银色，那个颜色线下看起来是真的好看，虽然有大logo不过感觉也不违和。','2020-09-06 09:54:57','24549877'),('li_comment_169449049','5元优惠券没领到，不然就下单了','2020-09-06 09:55:05','24552289'),('li_comment_169449211','估计库存清的差不多了，越来越贵了','2020-09-06 09:54:45','24554810'),('li_comment_169449397','给个五元优惠券我也秒不起啊','2020-09-06 09:55:05','24552289'),('li_comment_169449595','保值，点个赞先','2020-09-06 09:54:41','24545777'),('li_comment_169449685','这个价格没有竞争力','2020-09-06 09:55:01','24548185'),('li_comment_169449905','屏幕太小不适合追剧，让了让了','2020-09-06 09:55:05','24552289'),('li_comment_169450094','好像可以下个10多单  买下来就虚假宣传 只有一台又不是很想买  还好最近自己周转手头没什么现金 让给大家了','2020-09-06 09:55:04','24552289'),('li_comment_169450640','这购物软件不是来捡漏的吗？','2020-09-06 09:55:04','24552289'),('li_comment_169450679','其实你也可以多买点苹果，说不定哪天中国哪天禁了也升值了','2020-09-06 09:54:41','24545777'),('li_comment_169450818','这屏幕看动画片不行，算了让了','2020-09-06 09:55:04','24552289'),('li_comment_169450832','12+512 也只3100买的','2020-09-06 09:54:45','24554810'),('li_comment_169450837','你要我可以送你一张','2020-09-06 09:55:04','24552289'),('li_comment_169450918','8G可以考虑','2020-09-06 09:55:01','24548185'),('li_comment_169451082','那里的线下我去买','2020-09-06 09:54:57','24549877'),('li_comment_169451106','居然涨价了，今年的note20可想而知有多失败！','2020-09-06 11:10:16','24552335'),('li_comment_169451411','一般都是卖家贴钱送的','2020-09-06 09:55:01','24548185'),('li_comment_169451497','涨一百了，原来2299','2020-09-06 09:54:57','24549877'),('li_comment_169451499','大师版啥意思？','2020-09-06 09:54:53','24552245'),('li_comment_169451686','现在还有人买这个？！都在抢5299的吧','2020-09-06 09:54:53','24552245'),('li_comment_169451787','这个没有红外','2020-09-06 09:54:57','24549877'),('li_comment_169451925','在哪里买，私聊','2020-09-06 09:54:45','24554810'),('li_comment_169452109','我送你10元优惠券','2020-09-06 09:55:04','24552289'),('li_comment_169452124','一直有货，抢什么抢，京东银色这几天一直可以下单，采购中，9.8发货，没人抢','2020-09-06 09:54:53','24552245'),('li_comment_169452343','不是破产了吗？','2020-09-06 09:55:04','24552289'),('li_comment_169452364','128 的多少钱','2020-09-06 09:54:37','24555101'),('li_comment_169452701','现在华为开始有广告了，应用商店，音乐，视频，还是有开屏广告了','2020-09-06 09:54:53','24552245'),('li_comment_169453044','几年了，还没有土豪买？等我搬砖攒钱？','2020-09-06 09:55:04','24552289'),('li_comment_169453211','同问，紫薯布丁','2020-09-06 09:54:45','24554810'),('li_comment_169453378','专享满4900元减800元','2020-09-06 09:54:37','24555101'),('li_comment_169453432','有耳机送吗','2020-09-06 09:54:49','24552510'),('li_comment_169453545','积分换的油卡今天圈存了.等下一波送积分给自己再买一个.除了续航其它都满意！','2020-09-06 09:54:49','24552510'),('li_comment_169453599','恶性循环，搞活动也没人买','2020-09-06 09:54:32','24540095'),('li_comment_169454358','耳机好像是到6号活动截止，现在买赶不上了','2020-09-06 09:54:49','24552510'),('li_comment_169454399','不是自营，大家要谨慎啊','2020-09-06 09:55:04','24552289'),('li_comment_169454486','9月有没有活动','2020-09-06 09:54:49','24552510'),('li_comment_169454524','4599或者4549吧算起来','2020-09-06 09:54:37','24555101'),('li_comment_169454544','中兴手机用过一个，从此','2020-09-06 09:55:01','24548185'),('li_comment_169454638','不降反增，时代变了，你不降就等k40pro了','2020-09-06 09:54:44','24554810'),('li_comment_169454727','如果双十一这个价，256','2020-09-06 09:54:49','24552510'),('li_comment_169455106','升值器，买了','2020-09-06 09:54:57','24549877'),('li_comment_169455177','前阵子北京消费券4499没下单，有点后悔了','2020-09-06 09:54:41','24545777'),('li_comment_169455230','和荣耀30Pro+相比怎样啊？价格相差不多。','2020-09-06 09:54:53','24552245'),('li_comment_169455308','u差点意思','2020-09-06 09:55:01','24548185'),('li_comment_169455369','你还没走啊？等那个谁的一起上路啊？','2020-09-06 09:55:00','24548185'),('li_comment_169456264','可以7天无理由退款吗？','2020-09-06 09:55:04','24552289'),('li_comment_169456318','这重量，完爆一切，等活动来一个，那些200g的手机','2020-09-06 09:54:49','24552510'),('li_comment_169456500','差评，没有拼多多的链接','2020-09-06 09:55:04','24552289'),('li_comment_169456538','盐城，前天同事刚买','2020-09-06 09:54:57','24549877'),('li_comment_169456728','2000我都不一定买，6g来了你都卖不出去，老板自己用吧，','2020-09-06 09:55:04','24552289'),('li_comment_169457090','把你的安卓砸了用塞班吧','2020-09-06 09:54:41','24545777'),('li_comment_169457521','以为送直升机，那还挺值的','2020-09-06 09:55:04','24552289'),('li_comment_169457535','3699双11交个朋友','2020-09-06 11:10:16','24552335'),('li_comment_169457538','10没有双扬声器？','2020-09-06 09:54:53','24552245'),('li_comment_169457679','有券领吗？满199减100那种','2020-09-06 09:55:04','24552289'),('li_comment_169457831','不喜欢这条眼镜蛇，要是条蛆我就买了','2020-09-06 09:55:04','24552289'),('li_comment_169457919','这个能推是什么鬼？感觉像刚发售？','2020-09-06 09:57:45','24554015'),('li_comment_169458321','明天是不是有新的送东西的活动','2020-09-06 09:54:49','24552510'),('li_comment_169458337','在用 说句实话。4000电池只不到8mm的手感重量控制很好。换别家吹上天了。中兴的广告看不到。这款手机缺点是5g不是全模式。摄像头一般。使用体验很好。','2020-09-06 09:55:00','24548185'),('li_comment_169458559','买买买，不买还要涨价！','2020-09-06 09:57:45','24554015'),('li_comment_169458682','来个超值性价比的活动我就来一台。','2020-09-06 09:54:32','24540095'),('li_comment_169458746','这么贵也推？！','2020-09-06 09:55:04','24552289'),('li_comment_169458825','以后再也不支持了，中兴确实该关了。买过七八个了，更老的苹果和华为都还能用，就你基本就快用不成了','2020-09-06 09:55:00','24548185'),('li_comment_169459482','各方面都比荣耀30pro+强','2020-09-06 09:54:53','24552245'),('li_comment_169459813','浏览器可以关广告，非常简洁','2020-09-06 09:54:53','24552245'),('li_comment_169460076','那不是白白贵了1000块','2020-09-06 09:54:49','24552510'),('li_comment_169460127','活动去哪里看？线报','2020-09-06 09:54:49','24552510'),('li_comment_169460227','这机放在头顶上，倍有面的！','2020-09-06 09:55:04','24552289'),('li_comment_169460363','别的都不错，系统万年不更新！','2020-09-06 09:55:00','24548185'),('li_comment_169460770','我都记不清国内5G手机已经卖了多久了','2020-09-06 09:54:41','24545777'),('li_comment_169461039','用了3个多月，前天开始断流了，4G断流，隔几分钟会断流几秒，很恶心的感觉','2020-09-06 09:54:53','24552245'),('li_comment_169461172','买个直升机它不香吗','2020-09-06 09:55:04','24552289'),('li_comment_169461319','没记错的话，这台手机卖了几年了？','2020-09-06 09:55:04','24552289'),('li_comment_169461439','双曲面屏幕，这个价格基本超值','2020-09-06 09:55:00','24548185'),('li_comment_169461535','你确认收货我返你10元','2020-09-06 09:54:26','24552289'),('li_comment_169461635','挺好用的为什么那，苹果适合我妈辈用，我喜欢折腾安卓','2020-09-06 09:54:41','24545777'),('li_comment_169461774','这家店怎么样？','2020-09-06 09:54:53','24552245'),('li_comment_169461951','照相不好吗，这个照相跟哪一款比较合适','2020-09-06 09:55:00','24548185'),('li_comment_169462465','會有別的活動','2020-09-06 09:54:49','24552510'),('li_comment_169462592','卖不＋价收个','2020-09-06 09:54:44','24554810'),('li_comment_169462626','带硬推的？','2020-09-06 09:57:45','24554015'),('li_comment_169462637','等双十一入手一个','2020-09-06 09:54:53','24552245'),('li_comment_169462848','Se2表示不服','2020-09-06 09:54:49','24552510'),('li_comment_169462923','应用商城 天气 日历 上滑搜索界面 钱包  小米自带的音乐 视频 都有广告 哈哈哈','2020-09-06 09:54:53','24552245'),('li_comment_169462981','我想买个老年机','2020-09-06 09:54:26','24552289'),('li_comment_169463309','算起来是4649，溜了溜了','2020-09-06 09:54:37','24555101'),('li_comment_169463503','我也不知，所以才问的','2020-09-06 09:54:49','24552510'),('li_comment_169463564','这价格去京东北京消费券不香吗','2020-09-06 09:54:37','24555101'),('li_comment_169463701','看来快退市了，开始涨价模式了','2020-09-06 11:10:16','24552335'),('li_comment_169464120','要不是余额不足，差点就冲动消费了','2020-09-06 09:54:26','24552289'),('li_comment_169464359','🤣这么便宜了吗？','2020-09-06 09:54:49','24552510'),('li_comment_169464745','没有北京消费券吖୧😂୨','2020-09-06 09:54:37','24555101'),('li_comment_169464874','唯利是图？','2020-09-06 09:54:26','24552289'),('li_comment_169464967','10 10pro 10至尊 里面哪个配置性价比最好啊','2020-09-06 09:54:53','24552245'),('li_comment_169464987','这有什么意思，京东不加北京优惠券也才4800，128g的','2020-09-06 09:54:37','24555101'),('li_comment_169465163','月薪3千的我竟然点了直达链接','2020-09-06 09:54:26','24552289'),('li_comment_169465181','弄不好卖家还得再贴个女朋友才能满足','2020-09-06 09:55:00','24548185'),('li_comment_169465247','8+128这个价就不错了','2020-09-06 09:55:00','24548185'),('li_comment_169465367','我们老板用的就是这个， 然后因为不能发微信 ，就不用了， 现在给我当备用机了 。感觉打电话信号不是特别好 ，充电还特别慢','2020-09-06 09:54:26','24552289'),('li_comment_169465402','哪里买的？','2020-09-06 09:54:44','24554810'),('li_comment_169465520','这是要告诉我支持民族产业的代价比较沉重么','2020-09-06 09:57:45','24554015'),('li_comment_169466231','送1000元积分这个价格就划算了','2020-09-06 09:54:49','24552510'),('li_comment_169466513','屏幕太小，不然肯定买了','2020-09-06 09:54:26','24552289'),('li_comment_169466719','怎么就扯到华为来了','2020-09-06 09:54:53','24552245'),('li_comment_169466987','这个价格感觉蛮可以了，虽然俺不买粗粮','2020-09-06 09:54:53','24552245'),('li_comment_169467356','4649买128g的比京东买便宜一点，等得捉急啊啊啊','2020-09-06 09:54:37','24555101'),('li_comment_169467400','4999啊，怎么是4800','2020-09-06 09:54:37','24555101'),('li_comment_169467468','都不是翻盖的，档次真低。','2020-09-06 09:54:26','24552289'),('li_comment_169467555','金耳朵，10个10p都能听出区别','2020-09-06 09:54:53','24552245'),('li_comment_169467997','去二线城市买五套房不香吗','2020-09-06 09:54:26','24552289'),('li_comment_169468011','低收入人群表示，再等等，等明年一定','2020-09-06 09:54:49','24552510'),('li_comment_169468230','765也敢上2000？牛*了中兴，作死吧。','2020-09-06 09:55:00','24548185'),('li_comment_169468329','和OPPO Find x2比怎么样啊','2020-09-06 09:54:53','24552245'),('li_comment_169468458','没上120w充电，不方便。','2020-09-06 09:54:26','24552289'),('li_comment_169468528','等一手百亿补贴','2020-09-06 09:54:26','24552289'),('li_comment_169468776','怎么还涨价了','2020-09-06 09:54:37','24555101'),('li_comment_169468935','现在华为 OPPO vivo 一加等等等都有广告了。。。','2020-09-06 09:54:53','24552245'),('li_comment_169468957','明明就是条眼镜蛆','2020-09-06 09:54:26','24552289'),('li_comment_169468973','该有的都有，设置也很难，折腾的很多，很多里面都有','2020-09-06 09:54:52','24552245'),('li_comment_169469110','这手机卖了好几年也没人买','2020-09-06 09:54:26','24552289'),('li_comment_169469909','很服。你要是真有骨气你就连智能手机都用不上了，不怕谷歌在安卓上留漏洞？？买个东西不专注产品本身','2020-09-06 09:54:41','24545777'),('li_comment_169470520','怎么说呢，至尊就是充电真的快。其他的还可以比比。','2020-09-06 09:54:52','24552245'),('li_comment_169470527','我现在每天给手机充电的时间大概就是两三个十分钟。','2020-09-06 09:54:52','24552245'),('li_comment_169470724','拼多多买的三星有礼品卡吗？','2020-09-06 09:54:49','24552510'),('li_comment_169470807','没有256g的版本','2020-09-06 09:54:49','24552510'),('li_comment_169471165','有解毒的么？没我就买了啊','2020-09-06 09:54:26','24552289'),('li_comment_169471360','让了，我去买游艇了','2020-09-06 09:54:26','24552289'),('li_comment_169471384','有没有的送？有的送就下单了','2020-09-06 09:54:49','24552510'),('li_comment_169471403','买这个影响我开五菱宏光吗','2020-09-06 09:54:26','24552289'),('li_comment_169471588','中兴其实硬件不错的，但是使用起来还是没别的国产机好用，导致没落了','2020-09-06 09:55:00','24548185'),('li_comment_169471860','直升机配送。厉害。','2020-09-06 09:54:26','24552289'),('li_comment_169472439','你还退啥啊，被k30至尊打成筛子','2020-09-06 09:54:44','24554810'),('li_comment_169472917','安心等待新机上市','2020-09-06 09:57:45','24554015'),('li_comment_169472950','我京东购物车里有一千五百万的商品了','2020-09-06 09:54:26','24552289'),('li_comment_169473181','天王手机','2020-09-06 09:54:29','24561524'),('li_comment_169473386','','2020-09-06 09:54:29','24561524'),('li_comment_169473416','古董换芯产物就不要拿出来说了，你不说诺基亚的功能机？','2020-09-06 09:54:49','24552510'),('li_comment_169473429','系统优化不行','2020-09-06 09:54:29','24561524'),('li_comment_169473611','如果能刷miui就好玩了','2020-09-06 09:54:29','24561524'),('li_comment_169474044','这怎么计算的  前几天3900多的那么多  这还124天最低价？','2020-09-06 09:54:37','24555101'),('li_comment_169474079','亲: 你付款加个备注， 可以安排大强子骑小三轮送货的','2020-09-06 09:54:26','24552289'),('li_comment_169474229','都来捡漏占便宜','2020-09-06 09:54:25','24552289'),('li_comment_169474272','金立居然还在啊','2020-09-06 09:54:29','24561524'),('li_comment_169474312','还这么坚挺啊😱','2020-09-06 11:10:16','24552335'),('li_comment_169474383','功能机给上个a13我也买','2020-09-06 09:54:49','24552510'),('li_comment_169474412','超长待机，超大铃声','2020-09-06 09:54:29','24561524'),('li_comment_169474414','微信8开不怕封号啊','2020-09-06 09:54:29','24561524'),('li_comment_169474520','当然20+   和5G不5G卡没关系','2020-09-06 11:10:16','24552335'),('li_comment_169474635','真爱生命 远离华为','2020-09-06 09:57:45','24554015'),('li_comment_169474896','全是广告其他没有！','2020-09-06 09:54:29','24561524'),('li_comment_169474928','765处理器卖这么贵','2020-09-06 09:55:00','24548185'),('li_comment_169474947','可以搞一个租车公司了','2020-09-06 09:54:25','24552289'),('li_comment_169475176','果粉真是自欺欺人','2020-09-06 09:54:49','24552510'),('li_comment_169475220','好看，买不起','2020-09-06 11:10:16','24552335'),('li_comment_169475324','10和10pro声音区别还是很大的，听听就知道了','2020-09-06 09:54:52','24552245'),('li_comment_169475350','金立不是退市了么？','2020-09-06 09:54:29','24561524'),('li_comment_169475392','当初天王代言时候多火，现在这个机子，用mtk6763连625都不如，金立这是作死。卖这个价不倒闭才怪','2020-09-06 09:54:29','24561524'),('li_comment_169475484','哪个傻子买它','2020-09-06 09:54:25','24552289'),('li_comment_169475555','就不要用这个手机了','2020-09-06 11:10:16','24552335'),('li_comment_169475826','金品质，立天下','2020-09-06 09:54:29','24561524'),('li_comment_169475828','🐮🍺，微信8开','2020-09-06 09:54:29','24561524'),('li_comment_169475998','手持s20u，屏幕很好，就是为这块屏幕买的，另外备用机mate30,别买华为华而不实为所欲为，屏幕瞎眼睛','2020-09-06 09:54:49','24552510'),('li_comment_169476002','4399可以接受','2020-09-06 09:54:49','24552510'),('li_comment_169476079','八月是1100的券，九月是900的券','2020-09-06 09:54:37','24555101'),('li_comment_169476768','拿铁丝串起来当火车开','2020-09-06 09:54:25','24552289'),('li_comment_169477127','浏览器里面的搜索绝对关不了，搜什么都会推荐app，点了直接下载安装！恶心','2020-09-06 09:54:52','24552245'),('li_comment_169477206','有开车价吗 诚意要','2020-09-06 09:54:25','24552289'),('li_comment_169477220','不是中国就一部吗怎么还有一个','2020-09-06 09:54:25','24552289'),('li_comment_169477335','等我买了它，在好好干几年，多攒点私房钱，算算差不多了，一天吃一个馒头省下10块钱，目标不远了，等我买了谁送个手机壳给我。','2020-09-06 09:54:25','24552289'),('li_comment_169477396','机器还可以，6.18时买的，手感没得说，重量够轻，续航差了点毕竟电池小，不过中度使用一天也够了，之前一直使用的moto，主动功能很好用但费电呀，电池完全不够用。','2020-09-06 09:55:00','24548185'),('li_comment_169478020','这个价格把这个公司买下来不是更好','2020-09-06 09:54:25','24552289'),('li_comment_169478381','16nm?我没看错吧这是好几年前的工艺了金立🐮直接把消费者当傻子','2020-09-06 09:54:29','24561524'),('li_comment_169478480','只要一个怎么办','2020-09-06 09:54:29','24561524'),('li_comment_169478887','还涨了一千远，升值的','2020-09-06 09:57:45','24554015'),('li_comment_169479100','要是买手机送直升机那还差不多','2020-09-06 09:54:25','24552289'),('li_comment_169479118','拥有超高的档次感','2020-09-06 09:57:45','24554015'),('li_comment_169479133','把后面的4000减掉247，我就买了。','2020-09-06 09:54:25','24552289'),('li_comment_169479164','每节都有动力，嘿嘿，地外黑科技。','2020-09-06 09:54:25','24552289'),('li_comment_169479203','可以啊，设置简洁版，非常简洁啊，哪儿有广告？','2020-09-06 11:10:31','24552245'),('li_comment_169479388','金立还有人买了么？','2020-09-06 09:54:29','24561524'),('li_comment_169479518','功能机给换a13待机一小时还很香对吧','2020-09-06 09:58:04','24552510'),('li_comment_169480404','芯片都不敢标了，良心想起码还敢万年636。','2020-09-06 11:10:12','24561524'),('li_comment_169480447','差不多9年前的工艺了吧','2020-09-06 11:10:12','24561524'),('li_comment_169480547','5399已下车！耳机等7天确认！使用了两天，感觉没啥惊喜','2020-09-06 11:10:23','24552510'),('li_comment_169480974','反正都是外置充电宝，待机一小时和5小时有区别？','2020-09-06 11:10:23','24552510'),('li_comment_169481069','珍爱心情','2020-09-06 11:10:04','24554015'),('li_comment_169481577','国行不是也支持5g么？难道note10+的5g和note20还有区别？','2020-09-06 11:10:16','24552335'),('li_comment_169481617','等等党血本无归啊','2020-09-06 11:10:16','24552335'),('li_comment_169481826','3999才是最后归宿','2020-09-06 11:10:16','24552335'),('li_comment_169482260','系统其实挺好用的啊，给我不少惊喜的手机…','2020-09-06 11:10:35','24548185'),('li_comment_169483138','就是个路人','2020-09-06 11:10:35','24548185'),('li_comment_169483171','上次好价是4099','2020-09-06 11:10:23','24552510'),('li_comment_169483736','昨天山姆买的5300','2020-09-06 11:10:04','24554015');
/*!40000 ALTER TABLE `origin_comments` ENABLE KEYS */;
UNLOCK TABLES;
/*!40103 SET TIME_ZONE=@OLD_TIME_ZONE */;

/*!40101 SET SQL_MODE=@OLD_SQL_MODE */;
/*!40014 SET FOREIGN_KEY_CHECKS=@OLD_FOREIGN_KEY_CHECKS */;
/*!40014 SET UNIQUE_CHECKS=@OLD_UNIQUE_CHECKS */;
/*!40101 SET CHARACTER_SET_CLIENT=@OLD_CHARACTER_SET_CLIENT */;
/*!40101 SET CHARACTER_SET_RESULTS=@OLD_CHARACTER_SET_RESULTS */;
/*!40101 SET COLLATION_CONNECTION=@OLD_COLLATION_CONNECTION */;
/*!40111 SET SQL_NOTES=@OLD_SQL_NOTES */;

-- Dump completed on 2020-09-06  4:08:05
